{"E": -3.14e+100, "M": -3.14e+100, "S": -1.1762660525969968, "B": -0.36878836755369654}